imagen,etiqueta_real,clase_id,clase_detectada,confianza,x1,y1,x2,y2
fotos-clasificadas/clasificadas/abolladura/leve/001.jpg,abolladura_leve,7,truck,0.674497,0.04,63.13,127.55,146.08
fotos-clasificadas/clasificadas/abolladura/leve/001.jpg,abolladura_leve,2,car,0.545962,1.18,83.02,640.00,608.58
fotos-clasificadas/clasificadas/abolladura/leve/001.jpg,abolladura_leve,0,person,0.536922,240.26,183.22,294.97,261.20
fotos-clasificadas/clasificadas/abolladura/leve/001.jpg,abolladura_leve,9,traffic light,0.498983,344.65,0.00,358.76,19.94
fotos-clasificadas/clasificadas/abolladura/leve/001.jpg,abolladura_leve,0,person,0.349156,371.97,90.58,454.02,216.10
fotos-clasificadas/clasificadas/abolladura/leve/001.jpg,abolladura_leve,7,truck,0.318782,1.89,96.15,639.52,621.43
fotos-clasificadas/clasificadas/abolladura/leve/002.jpg,abolladura_leve,7,truck,0.722855,0.64,84.05,220.85,251.11
fotos-clasificadas/clasificadas/abolladura/leve/002.jpg,abolladura_leve,7,truck,0.608798,42.10,137.11,550.69,508.39
fotos-clasificadas/clasificadas/abolladura/leve/003.jpg,abolladura_leve,6,train,0.440074,10.65,17.14,632.10,588.92
fotos-clasificadas/clasificadas/abolladura/moderado/001.jpg,abolladura_moderado,75,vase,0.304854,161.05,0.15,238.28,43.28
fotos-clasificadas/clasificadas/abolladura/moderado/001.jpg,abolladura_moderado,25,umbrella,0.254767,2.10,1.70,638.47,573.08
fotos-clasificadas/clasificadas/abolladura/moderado/002.jpg,abolladura_moderado,2,car,0.885369,0.68,0.04,236.46,123.78
fotos-clasificadas/clasificadas/abolladura/moderado/002.jpg,abolladura_moderado,7,truck,0.513958,23.34,0.00,640.00,565.42
fotos-clasificadas/clasificadas/abolladura/moderado/002.jpg,abolladura_moderado,2,car,0.362840,22.25,0.00,639.51,587.71
fotos-clasificadas/clasificadas/abolladura/moderado/003.jpeg,abolladura_moderado,2,car,0.791580,3.55,23.95,1104.56,1342.41
fotos-clasificadas/clasificadas/abolladura/moderado/003.jpeg,abolladura_moderado,2,car,0.361190,39.27,4.32,4280.69,3677.31
fotos-clasificadas/clasificadas/abolladura/moderado/004.jpg,abolladura_moderado,2,car,0.684154,0.53,1.91,447.00,414.68
fotos-clasificadas/clasificadas/abolladura/moderado/004.jpg,abolladura_moderado,7,truck,0.334247,1.45,3.05,447.00,424.81
fotos-clasificadas/clasificadas/abolladura/severo/001.jpg,abolladura_severo,12,parking meter,0.456938,90.04,21.15,638.94,502.59
fotos-clasificadas/clasificadas/abolladura/severo/002.jpg,abolladura_severo,61,toilet,0.323674,158.20,111.61,292.51,208.80
fotos-clasificadas/clasificadas/abolladura/severo/004.jpg,abolladura_severo,2,car,0.714021,11.40,0.00,672.84,448.34
fotos-clasificadas/clasificadas/golpe_estructural/moderado/001.jpg,golpe_estructural_moderado,12,parking meter,0.255628,67.73,79.51,615.66,639.76
fotos-clasificadas/clasificadas/golpe_estructural/severo/001.jpg,golpe_estructural_severo,2,car,0.919385,469.08,0.01,639.42,292.79
fotos-clasificadas/clasificadas/golpe_estructural/severo/001.jpg,golpe_estructural_severo,2,car,0.753203,49.47,47.36,93.64,91.25
fotos-clasificadas/clasificadas/golpe_estructural/severo/001.jpg,golpe_estructural_severo,0,person,0.625109,435.49,0.00,522.85,82.37
fotos-clasificadas/clasificadas/golpe_estructural/severo/001.jpg,golpe_estructural_severo,7,truck,0.437424,14.39,0.92,568.48,411.75
fotos-clasificadas/clasificadas/golpe_estructural/severo/001.jpg,golpe_estructural_severo,2,car,0.276747,20.90,0.00,517.26,410.65
fotos-clasificadas/clasificadas/golpe_estructural/severo/002.jpg,golpe_estructural_severo,3,motorcycle,0.809543,12.55,0.00,628.03,636.38
fotos-clasificadas/clasificadas/golpe_estructural/severo/002.jpg,golpe_estructural_severo,2,car,0.306007,1.72,0.00,636.74,632.09
fotos-clasificadas/clasificadas/golpe_estructural/severo/003.jpg,golpe_estructural_severo,2,car,0.844194,415.75,147.68,482.30,182.28
fotos-clasificadas/clasificadas/golpe_estructural/severo/003.jpg,golpe_estructural_severo,2,car,0.764045,341.54,144.69,417.90,186.40
fotos-clasificadas/clasificadas/golpe_estructural/severo/003.jpg,golpe_estructural_severo,2,car,0.758292,482.53,141.83,549.71,180.16
fotos-clasificadas/clasificadas/golpe_estructural/severo/003.jpg,golpe_estructural_severo,2,car,0.593679,546.78,146.30,603.33,175.76
fotos-clasificadas/clasificadas/golpe_estructural/severo/003.jpg,golpe_estructural_severo,7,truck,0.459045,17.95,141.06,634.32,638.58
fotos-clasificadas/clasificadas/golpe_estructural/severo/003.jpg,golpe_estructural_severo,2,car,0.444347,12.66,130.24,633.42,633.69
fotos-clasificadas/clasificadas/golpe_estructural/severo/003.jpg,golpe_estructural_severo,2,car,0.291114,626.76,176.48,639.74,247.98
fotos-clasificadas/clasificadas/golpe_estructural/severo/003.jpg,golpe_estructural_severo,2,car,0.272142,621.84,149.15,639.67,172.50
fotos-clasificadas/clasificadas/golpe_estructural/severo/004.jpg,golpe_estructural_severo,2,car,0.287060,75.15,9.37,563.93,577.91
fotos-clasificadas/clasificadas/golpe_estructural/severo/004.jpg,golpe_estructural_severo,0,person,0.281111,496.31,0.07,596.69,198.49
fotos-clasificadas/clasificadas/golpe_estructural/severo/004.jpg,golpe_estructural_severo,7,truck,0.277747,73.76,0.14,170.93,56.21
fotos-clasificadas/clasificadas/golpe_estructural/severo/004.jpg,golpe_estructural_severo,5,bus,0.272864,73.63,0.00,169.91,55.74
fotos-clasificadas/clasificadas/golpe_estructural/severo/006.jpg,golpe_estructural_severo,2,car,0.757449,0.16,125.42,86.21,198.94
fotos-clasificadas/clasificadas/golpe_estructural/severo/006.jpg,golpe_estructural_severo,2,car,0.541834,202.07,90.24,443.80,211.89
fotos-clasificadas/clasificadas/golpe_estructural/severo/006.jpg,golpe_estructural_severo,2,car,0.491603,530.39,84.53,595.50,119.36
fotos-clasificadas/clasificadas/golpe_estructural/severo/008.jpg,golpe_estructural_severo,2,car,0.757831,536.92,19.38,639.78,97.98
fotos-clasificadas/clasificadas/golpe_estructural/severo/008.jpg,golpe_estructural_severo,2,car,0.258613,48.95,48.65,165.27,188.56
fotos-clasificadas/clasificadas/golpe_estructural/severo/008.jpg,golpe_estructural_severo,25,umbrella,0.255715,82.85,17.00,639.22,506.29
fotos-clasificadas/clasificadas/rayon/leve/008.jpeg,rayon_leve,2,car,0.597999,127.39,0.83,1277.47,708.56
fotos-clasificadas/clasificadas/rayon/moderado/001.jpg,rayon_moderado,8,boat,0.479168,550.49,59.88,601.78,115.45
fotos-clasificadas/clasificadas/rayon/moderado/002.jpg,rayon_moderado,64,mouse,0.358737,384.60,145.61,562.68,264.47
fotos-clasificadas/clasificadas/rotura/leve/001.jpg,rotura_leve,2,car,0.344683,12.44,0.02,637.29,564.35
fotos-clasificadas/clasificadas/rotura/leve/001.jpg,rotura_leve,61,toilet,0.310884,5.44,1.00,543.74,511.36
fotos-clasificadas/clasificadas/rotura/severo/001.jpg,rotura_severo,75,vase,0.269285,147.01,0.32,183.16,47.33
fotos-clasificadas/clasificadas/rotura/severo/002.jpg,rotura_severo,2,car,0.314117,38.01,0.00,1913.75,1280.00
